selected_model,roc_auc,pr_auc,f1,precision,recall,balanced_accuracy,accuracy,roc_auc_ci_low,roc_auc_ci_high,pr_auc_ci_low,pr_auc_ci_high,f1_ci_low,f1_ci_high,holdout_rows,holdout_positive_rate
RandomForest_flexible,0.8686714074074073,0.7147997777901901,0.6346604215456675,0.5657620041753654,0.7226666666666667,0.768888888888889,0.792,0.8553174194372535,0.8814585808006001,0.6808025252940131,0.7463100929164644,0.6063170452197111,0.659490958291052,3000,0.25
