screening_group,games_reviewed,review_share,high_engagement_games_captured,capture_rate,precision,lift_vs_random
Top 10% predicted,300,0.1,256,0.3413333333333333,0.8533333333333334,3.4133333333333336
Top 20% predicted,600,0.2,413,0.5506666666666666,0.6883333333333334,2.7533333333333334
Top 25% predicted,750,0.25,469,0.6253333333333333,0.6253333333333333,2.501333333333333
