target_positive_share,training_quantile,training_threshold,training_positive_rate,holdout_positive_rate,roc_auc,pr_auc,top20_precision,top20_capture_rate,top20_lift
0.2,0.8,5.55,0.2005,0.196,0.8664394862422581,0.6577389372018752,0.5616666666666666,0.5731292517006803,2.8656462585034013
0.25,0.75,4.25,0.25016666666666665,0.25,0.8686714074074073,0.7147997777901901,0.6883333333333334,0.5506666666666666,2.7533333333333334
0.3,0.7,3.43,0.30033333333333334,0.29233333333333333,0.8640244141511414,0.7499260045836073,0.765,0.5233751425313569,2.6168757126567845
